"parcel","normalized_id","max_months_out","has_tda","threat_level"
"000081-0000","0000810000","21","False","3_18mths_or_more_no_tda"
"000426-0005","0004260005","19","False","3_18mths_or_more_no_tda"
"000472-1020","0004721020","22","False","3_18mths_or_more_no_tda"
"000531-0190","0005310190","22","False","3_18mths_or_more_no_tda"
"000650-0014","0006500014","22","False","3_18mths_or_more_no_tda"
"000771-0000","0007710000","32","False","3_18mths_or_more_no_tda"
"000969-0080","0009690080","22","False","3_18mths_or_more_no_tda"
"000971-1010","0009711010","23","False","3_18mths_or_more_no_tda"
"001215-0010","0012150010","22","False","3_18mths_or_more_no_tda"
"001265-0000","0012650000","22","False","3_18mths_or_more_no_tda"
"001296-0000","0012960000","22","False","3_18mths_or_more_no_tda"
"001638-0080","0016380080","22","False","3_18mths_or_more_no_tda"
"001929-0100","0019290100","22","False","3_18mths_or_more_no_tda"
"001930-0010","0019300010","22","False","3_18mths_or_more_no_tda"
"002055-0000","0020550000","21","False","3_18mths_or_more_no_tda"
"002128-0200","0021280200","22","False","3_18mths_or_more_no_tda"
"002151-0000","0021510000","22","False","3_18mths_or_more_no_tda"
"002331-0000","0023310000","47","True","1_TaxDeedApplication"
"002490-0010","0024900010","22","False","3_18mths_or_more_no_tda"
"002673-0100","0026730100","22","False","3_18mths_or_more_no_tda"
"002861-0090","0028610090","23","True","1_TaxDeedApplication"
"002893-1000","0028931000","23","False","3_18mths_or_more_no_tda"
"002929-0300","0029290300","22","False","3_18mths_or_more_no_tda"
"003297-0000","0032970000","23","False","3_18mths_or_more_no_tda"
"003323-7540","0033237540","23","False","3_18mths_or_more_no_tda"
"003449-3405","0034493405","22","False","3_18mths_or_more_no_tda"
"003475-0000","0034750000","0","False","0_None"
"003784-2270","0037842270","22","False","3_18mths_or_more_no_tda"
"004018-0600","0040180600","22","False","3_18mths_or_more_no_tda"
"004264-0590","0042640590","0","False","0_None"
"004264-0900","0042640900","0","False","0_None"
"004308-0120","0043080120","23","False","3_18mths_or_more_no_tda"
"004320-0060","0043200060","22","False","3_18mths_or_more_no_tda"
"004410-1000","0044101000","23","False","3_18mths_or_more_no_tda"
"004433-0000","0044330000","22","False","3_18mths_or_more_no_tda"
"004519-1990","0045191990","23","False","3_18mths_or_more_no_tda"
"004746-0170","0047460170","23","False","3_18mths_or_more_no_tda"
"004752-0020","0047520020","22","False","3_18mths_or_more_no_tda"
"004860-0000","0048600000","22","False","3_18mths_or_more_no_tda"
"005737-0000","0057370000","25","True","1_TaxDeedApplication"
"006029-0000","0060290000","23","False","3_18mths_or_more_no_tda"
"006319-0170","0063190170","35","False","3_18mths_or_more_no_tda"
"006345-0000","0063450000","23","False","3_18mths_or_more_no_tda"
"006366-0140","0063660140","23","False","3_18mths_or_more_no_tda"
"006369-0030","0063690030","22","False","3_18mths_or_more_no_tda"
"006513-0585","0065130585","22","False","3_18mths_or_more_no_tda"
"006546-0000","0065460000","22","False","3_18mths_or_more_no_tda"
"006645-0000","0066450000","38","True","1_TaxDeedApplication"
"006824-1325","0068241325","22","False","3_18mths_or_more_no_tda"
"006946-0000","0069460000","22","False","3_18mths_or_more_no_tda"
"006972-0000","0069720000","23","True","1_TaxDeedApplication"
"007230-0000","0072300000","23","True","1_TaxDeedApplication"
"007283-0000","0072830000","22","False","3_18mths_or_more_no_tda"
"007349-0000","0073490000","23","True","1_TaxDeedApplication"
"007462-0000","0074620000","23","False","3_18mths_or_more_no_tda"
"008891-1305","0088911305","22","False","3_18mths_or_more_no_tda"
"008897-8320","0088978320","23","False","3_18mths_or_more_no_tda"
"009007-0050","0090070050","23","False","3_18mths_or_more_no_tda"
"009291-0000","0092910000","28","False","3_18mths_or_more_no_tda"
"009297-0000","0092970000","23","True","1_TaxDeedApplication"
"009676-0000","0096760000","22","False","3_18mths_or_more_no_tda"
"010011-0000","0100110000","24","False","3_18mths_or_more_no_tda"
"010105-0000","0101050000","22","False","3_18mths_or_more_no_tda"
"010359-0000","0103590000","22","False","3_18mths_or_more_no_tda"
"011328-0000","0113280000","23","False","3_18mths_or_more_no_tda"
"011672-0000","0116720000","23","False","3_18mths_or_more_no_tda"
"011705-0000","0117050000","23","True","1_TaxDeedApplication"
"011860-0000","0118600000","22","False","3_18mths_or_more_no_tda"
"012292-0000","0122920000","19","False","3_18mths_or_more_no_tda"
"012442-5165","0124425165","22","False","3_18mths_or_more_no_tda"
"012472-0000","0124720000","23","True","1_TaxDeedApplication"
"012510-0478","0125100478","22","False","3_18mths_or_more_no_tda"
"012724-5106","0127245106","21","False","3_18mths_or_more_no_tda"
"012874-1080","0128741080","22","False","3_18mths_or_more_no_tda"
"012875-0495","0128750495","22","False","3_18mths_or_more_no_tda"
"012922-0030","0129220030","22","False","3_18mths_or_more_no_tda"
"012992-0055","0129920055","22","False","3_18mths_or_more_no_tda"
"012992-0150","0129920150","22","False","3_18mths_or_more_no_tda"
"013012-0000","0130120000","22","False","3_18mths_or_more_no_tda"
"013142-0000","0131420000","22","False","3_18mths_or_more_no_tda"
"013165-0010","0131650010","22","True","1_TaxDeedApplication"
"013179-0000","0131790000","21","False","3_18mths_or_more_no_tda"
"013220-0020","0132200020","22","False","3_18mths_or_more_no_tda"
"013351-0015","0133510015","23","False","3_18mths_or_more_no_tda"
"013381-0300","0133810300","23","False","3_18mths_or_more_no_tda"
"013385-1000","0133851000","23","False","3_18mths_or_more_no_tda"
"013393-0000","0133930000","23","False","3_18mths_or_more_no_tda"
"013583-0420","0135830420","21","False","3_18mths_or_more_no_tda"
"013612-0000","0136120000","23","True","1_TaxDeedApplication"
"013843-0554","0138430554","22","False","3_18mths_or_more_no_tda"
"014053-0000","0140530000","23","False","3_18mths_or_more_no_tda"
"014233-0000","0142330000","30","True","1_TaxDeedApplication"
"014273-2008","0142732008","23","False","3_18mths_or_more_no_tda"
"014507-5010","0145075010","21","False","3_18mths_or_more_no_tda"
"014861-0000","0148610000","22","False","3_18mths_or_more_no_tda"
"015087-0000","0150870000","22","False","3_18mths_or_more_no_tda"
"015088-0000","0150880000","22","False","3_18mths_or_more_no_tda"
"015192-0216","0151920216","23","True","1_TaxDeedApplication"
"015485-0020","0154850020","22","False","3_18mths_or_more_no_tda"
"015612-0200","0156120200","22","False","3_18mths_or_more_no_tda"
"015716-0390","0157160390","23","True","1_TaxDeedApplication"
"016057-0200","0160570200","20","False","3_18mths_or_more_no_tda"
"016057-1035","0160571035","22","False","3_18mths_or_more_no_tda"
"016057-8410","0160578410","23","True","1_TaxDeedApplication"
"016106-0020","0161060020","33","False","3_18mths_or_more_no_tda"
"016175-0095","0161750095","19","False","3_18mths_or_more_no_tda"
"016308-0010","0163080010","23","True","1_TaxDeedApplication"
"016363-0000","0163630000","23","True","1_TaxDeedApplication"
"016409-0425","0164090425","22","False","3_18mths_or_more_no_tda"
"016430-4030","0164304030","22","False","3_18mths_or_more_no_tda"
"016464-0605","0164640605","22","False","3_18mths_or_more_no_tda"
"016464-5684","0164645684","23","True","1_TaxDeedApplication"
"016605-0000","0166050000","22","False","3_18mths_or_more_no_tda"
"016628-0000","0166280000","22","False","3_18mths_or_more_no_tda"
"017187-0000","0171870000","22","True","1_TaxDeedApplication"
"017279-0000","0172790000","22","False","3_18mths_or_more_no_tda"
"017636-0000","0176360000","23","True","1_TaxDeedApplication"
"017750-0010","0177500010","22","False","3_18mths_or_more_no_tda"
"018001-0000","0180010000","24","True","1_TaxDeedApplication"
"018033-0000","0180330000","20","False","3_18mths_or_more_no_tda"
"018470-0000","0184700000","22","False","3_18mths_or_more_no_tda"
"018713-0000","0187130000","22","False","3_18mths_or_more_no_tda"
"019432-0000","0194320000","23","True","1_TaxDeedApplication"
"019446-1770","0194461770","22","False","3_18mths_or_more_no_tda"
"019586-1865","0195861865","22","False","3_18mths_or_more_no_tda"
"019588-0005","0195880005","23","False","3_18mths_or_more_no_tda"
"019596-0320","0195960320","22","False","3_18mths_or_more_no_tda"
"019596-0390","0195960390","22","True","1_TaxDeedApplication"
"019621-0040","0196210040","23","False","3_18mths_or_more_no_tda"
"019701-3645","0197013645","23","False","3_18mths_or_more_no_tda"
"019701-4165","0197014165","0","False","0_None"
"019703-0900","0197030900","21","False","3_18mths_or_more_no_tda"
"019767-0000","0197670000","47","True","1_TaxDeedApplication"
"020039-0000","0200390000","34","False","3_18mths_or_more_no_tda"
"020041-0660","0200410660","22","False","3_18mths_or_more_no_tda"
"020170-0100","0201700100","22","False","3_18mths_or_more_no_tda"
"020170-1985","0201701985","38","False","3_18mths_or_more_no_tda"
"020365-0000","0203650000","22","False","3_18mths_or_more_no_tda"
"020382-0100","0203820100","23","False","3_18mths_or_more_no_tda"
"020988-0116","0209880116","22","False","3_18mths_or_more_no_tda"
"021112-0000","0211120000","24","False","3_18mths_or_more_no_tda"
"021183-0500","0211830500","22","False","3_18mths_or_more_no_tda"
"021293-0010","0212930010","22","False","3_18mths_or_more_no_tda"
"021409-0000","0214090000","22","False","3_18mths_or_more_no_tda"
"022003-0000","0220030000","7","False","0_None"
"022656-0060","0226560060","20","False","3_18mths_or_more_no_tda"
"022812-0000","0228120000","11","False","0_None"
"022962-0000","0229620000","22","False","3_18mths_or_more_no_tda"
"023027-0000","0230270000","23","True","1_TaxDeedApplication"
"023298-0000","0232980000","17","True","1_TaxDeedApplication"
"023335-0000","0233350000","31","True","1_TaxDeedApplication"
"023393-0000","0233930000","0","False","0_None"
"023498-0000","0234980000","22","False","3_18mths_or_more_no_tda"
"024230-0000","0242300000","0","False","0_None"
"024455-1145","0244551145","21","False","3_18mths_or_more_no_tda"
"025018-0000","0250180000","20","False","3_18mths_or_more_no_tda"
"025119-0000","0251190000","22","False","3_18mths_or_more_no_tda"
"025189-0000","0251890000","21","False","3_18mths_or_more_no_tda"
"025262-0000","0252620000","23","False","3_18mths_or_more_no_tda"
"025273-0000","0252730000","22","False","3_18mths_or_more_no_tda"
"025364-0000","0253640000","0","False","0_None"
"025515-0000","0255150000","22","True","1_TaxDeedApplication"
"025524-0000","0255240000","22","False","3_18mths_or_more_no_tda"
"025646-0000","0256460000","23","False","3_18mths_or_more_no_tda"
"025730-0000","0257300000","22","False","3_18mths_or_more_no_tda"
"025776-0000","0257760000","22","False","3_18mths_or_more_no_tda"
"025858-0000","0258580000","22","False","3_18mths_or_more_no_tda"
"026291-0000","0262910000","22","False","3_18mths_or_more_no_tda"
"026593-0000","0265930000","22","False","3_18mths_or_more_no_tda"
"026761-0000","0267610000","22","False","3_18mths_or_more_no_tda"
"026766-0000","0267660000","21","False","3_18mths_or_more_no_tda"
"026977-0000","0269770000","33","False","3_18mths_or_more_no_tda"
"026983-0000","0269830000","26","False","3_18mths_or_more_no_tda"
"027195-0000","0271950000","26","True","1_TaxDeedApplication"
"027230-0000","0272300000","22","False","3_18mths_or_more_no_tda"
"027267-0000","0272670000","22","False","3_18mths_or_more_no_tda"
"027411-0000","0274110000","22","False","3_18mths_or_more_no_tda"
"027557-0000","0275570000","22","False","3_18mths_or_more_no_tda"
"027606-0050","0276060050","22","False","3_18mths_or_more_no_tda"
"027714-0000","0277140000","21","False","3_18mths_or_more_no_tda"
"027731-0000","0277310000","23","True","1_TaxDeedApplication"
"028121-0000","0281210000","22","False","3_18mths_or_more_no_tda"
"028415-0000","0284150000","22","False","3_18mths_or_more_no_tda"
"028493-0000","0284930000","23","True","1_TaxDeedApplication"
"028502-0000","0285020000","22","False","3_18mths_or_more_no_tda"
"028510-0000","0285100000","23","True","1_TaxDeedApplication"
"028624-0000","0286240000","23","True","1_TaxDeedApplication"
"028853-0010","0288530010","23","True","1_TaxDeedApplication"
"029305-0020","0293050020","22","False","3_18mths_or_more_no_tda"
"029430-1220","0294301220","22","False","3_18mths_or_more_no_tda"
"029430-2025","0294302025","22","False","3_18mths_or_more_no_tda"
"029850-0000","0298500000","22","False","3_18mths_or_more_no_tda"
"030290-0010","0302900010","21","False","3_18mths_or_more_no_tda"
"030290-0056","0302900056","22","False","3_18mths_or_more_no_tda"
"030290-0092","0302900092","1","False","0_None"
"030290-0180","0302900180","23","True","1_TaxDeedApplication"
"030532-0000","0305320000","9","False","0_None"
"030832-0000","0308320000","23","True","1_TaxDeedApplication"
"031164-0000","0311640000","23","False","3_18mths_or_more_no_tda"
"031393-0000","0313930000","22","False","3_18mths_or_more_no_tda"
"031497-0000","0314970000","0","False","0_None"
"031774-0000","0317740000","23","False","3_18mths_or_more_no_tda"
"031808-0000","0318080000","22","False","3_18mths_or_more_no_tda"
"031969-0000","0319690000","22","False","3_18mths_or_more_no_tda"
"032003-0000","0320030000","19","False","3_18mths_or_more_no_tda"
"032115-0000","0321150000","23","True","1_TaxDeedApplication"
"032120-0000","0321200000","23","True","1_TaxDeedApplication"
"032241-0000","0322410000","23","True","1_TaxDeedApplication"
"032299-0000","0322990000","23","False","3_18mths_or_more_no_tda"
"032558-0000","0325580000","22","False","3_18mths_or_more_no_tda"
"032980-0000","0329800000","22","False","3_18mths_or_more_no_tda"
"033163-0000","0331630000","22","False","3_18mths_or_more_no_tda"
"033172-0000","0331720000","23","False","3_18mths_or_more_no_tda"
"033672-0000","0336720000","22","False","3_18mths_or_more_no_tda"
"033778-0000","0337780000","22","False","3_18mths_or_more_no_tda"
"034132-0000","0341320000","35","False","3_18mths_or_more_no_tda"
"034169-0000","0341690000","22","False","3_18mths_or_more_no_tda"
"034359-0000","0343590000","22","False","3_18mths_or_more_no_tda"
"034956-0000","0349560000","22","False","3_18mths_or_more_no_tda"
"035056-0000","0350560000","42","False","3_18mths_or_more_no_tda"
"035608-0000","0356080000","22","False","3_18mths_or_more_no_tda"
"035778-0000","0357780000","22","False","3_18mths_or_more_no_tda"
"036011-0000","0360110000","31","True","1_TaxDeedApplication"
"036053-0000","0360530000","27","True","1_TaxDeedApplication"
"036063-0000","0360630000","27","False","3_18mths_or_more_no_tda"
"036064-0000","0360640000","23","True","1_TaxDeedApplication"
"036152-0000","0361520000","23","True","1_TaxDeedApplication"
"036333-0100","0363330100","22","False","3_18mths_or_more_no_tda"
"036511-0000","0365110000","50","False","3_18mths_or_more_no_tda"
"036695-0000","0366950000","22","False","3_18mths_or_more_no_tda"
"036700-0000","0367000000","23","False","3_18mths_or_more_no_tda"
"036708-0000","0367080000","23","False","3_18mths_or_more_no_tda"
"036725-0000","0367250000","22","False","3_18mths_or_more_no_tda"
"036838-0000","0368380000","22","False","3_18mths_or_more_no_tda"
"037023-0020","0370230020","22","False","3_18mths_or_more_no_tda"
"037033-0000","0370330000","22","False","3_18mths_or_more_no_tda"
"037230-0000","0372300000","22","False","3_18mths_or_more_no_tda"
"037310-0000","0373100000","23","True","1_TaxDeedApplication"
"037390-0000","0373900000","21","False","3_18mths_or_more_no_tda"
"037432-0000","0374320000","22","False","3_18mths_or_more_no_tda"
"037519-0000","0375190000","0","False","0_None"
"037761-0000","0377610000","23","False","3_18mths_or_more_no_tda"
"037922-0000","0379220000","22","False","3_18mths_or_more_no_tda"
"037989-0000","0379890000","22","False","3_18mths_or_more_no_tda"
"037998-0000","0379980000","23","True","1_TaxDeedApplication"
"038009-0000","0380090000","22","False","3_18mths_or_more_no_tda"
"038019-0000","0380190000","22","False","3_18mths_or_more_no_tda"
"038048-0000","0380480000","22","False","3_18mths_or_more_no_tda"
"038080-0000","0380800000","22","False","3_18mths_or_more_no_tda"
"038089-0000","0380890000","23","True","1_TaxDeedApplication"
"038091-0000","0380910000","21","False","3_18mths_or_more_no_tda"
"038179-0000","0381790000","22","False","3_18mths_or_more_no_tda"
"038222-0000","0382220000","22","False","3_18mths_or_more_no_tda"
"038268-0000","0382680000","21","False","3_18mths_or_more_no_tda"
"038312-0000","0383120000","23","True","1_TaxDeedApplication"
"038398-0000","0383980000","22","False","3_18mths_or_more_no_tda"
"038426-0000","0384260000","23","True","1_TaxDeedApplication"
"038447-0000","0384470000","12","False","0_None"
"038517-0000","0385170000","23","True","1_TaxDeedApplication"
"038709-0000","0387090000","22","False","3_18mths_or_more_no_tda"
"038765-0000","0387650000","22","False","3_18mths_or_more_no_tda"
"038945-0000","0389450000","23","False","3_18mths_or_more_no_tda"
"039107-0000","0391070000","23","True","1_TaxDeedApplication"
"039408-0388","0394080388","20","False","3_18mths_or_more_no_tda"
"039457-0000","0394570000","22","False","3_18mths_or_more_no_tda"
"039467-0000","0394670000","22","False","3_18mths_or_more_no_tda"
"039626-0000","0396260000","22","False","3_18mths_or_more_no_tda"
"039643-0000","0396430000","23","True","1_TaxDeedApplication"
"039660-0000","0396600000","22","False","3_18mths_or_more_no_tda"
"039691-0000","0396910000","23","False","3_18mths_or_more_no_tda"
"039741-0000","0397410000","23","True","1_TaxDeedApplication"
"039928-0084","0399280084","23","False","3_18mths_or_more_no_tda"
"039978-0000","0399780000","21","False","3_18mths_or_more_no_tda"
"040067-5036","0400675036","22","False","3_18mths_or_more_no_tda"
"040184-0000","0401840000","23","False","3_18mths_or_more_no_tda"
"040610-0000","0406100000","22","False","3_18mths_or_more_no_tda"
"040697-0000","0406970000","22","False","3_18mths_or_more_no_tda"
"041001-0000","0410010000","22","False","3_18mths_or_more_no_tda"
"041007-0000","0410070000","22","False","3_18mths_or_more_no_tda"
"041374-0000","0413740000","23","True","1_TaxDeedApplication"
"041535-0000","0415350000","23","True","1_TaxDeedApplication"
"041548-0000","0415480000","23","True","1_TaxDeedApplication"
"041583-0000","0415830000","27","True","1_TaxDeedApplication"
"041636-0000","0416360000","19","False","3_18mths_or_more_no_tda"
"041663-0000","0416630000","22","False","3_18mths_or_more_no_tda"
"041841-0000","0418410000","23","False","3_18mths_or_more_no_tda"
"041854-0000","0418540000","22","False","3_18mths_or_more_no_tda"
"041890-0000","0418900000","21","False","3_18mths_or_more_no_tda"
"041915-0949","0419150949","22","False","3_18mths_or_more_no_tda"
"041915-0975","0419150975","22","False","3_18mths_or_more_no_tda"
"041915-0986","0419150986","23","False","3_18mths_or_more_no_tda"
"041916-0110","0419160110","22","False","3_18mths_or_more_no_tda"
"041916-0325","0419160325","22","True","1_TaxDeedApplication"
"041916-0595","0419160595","23","False","3_18mths_or_more_no_tda"
"041916-0705","0419160705","23","False","3_18mths_or_more_no_tda"
"041941-0000","0419410000","23","True","1_TaxDeedApplication"
"042016-0000","0420160000","22","False","3_18mths_or_more_no_tda"
"042017-0000","0420170000","22","False","3_18mths_or_more_no_tda"
"042049-0000","0420490000","22","False","3_18mths_or_more_no_tda"
"042205-0000","0422050000","23","True","1_TaxDeedApplication"
"043481-0000","0434810000","22","False","3_18mths_or_more_no_tda"
"043495-0000","0434950000","22","False","3_18mths_or_more_no_tda"
"043630-0000","0436300000","22","False","3_18mths_or_more_no_tda"
"043632-0000","0436320000","22","False","3_18mths_or_more_no_tda"
"043704-0000","0437040000","22","False","3_18mths_or_more_no_tda"
"043727-0000","0437270000","23","False","3_18mths_or_more_no_tda"
"044052-0000","0440520000","22","False","3_18mths_or_more_no_tda"
"044110-0420","0441100420","20","False","3_18mths_or_more_no_tda"
"044112-0020","0441120020","23","False","3_18mths_or_more_no_tda"
"044175-0010","0441750010","23","False","3_18mths_or_more_no_tda"
"044175-0020","0441750020","23","False","3_18mths_or_more_no_tda"
"044180-0565","0441800565","22","False","3_18mths_or_more_no_tda"
"044280-9685","0442809685","22","False","3_18mths_or_more_no_tda"
"044281-0594","0442810594","22","False","3_18mths_or_more_no_tda"
"044281-0622","0442810622","23","False","3_18mths_or_more_no_tda"
"044559-0000","0445590000","35","True","1_TaxDeedApplication"
"044791-0000","0447910000","27","False","3_18mths_or_more_no_tda"
"044850-0000","0448500000","24","True","1_TaxDeedApplication"
"045194-0000","0451940000","23","True","1_TaxDeedApplication"
"045218-0000","0452180000","22","False","3_18mths_or_more_no_tda"
"045274-0000","0452740000","35","True","1_TaxDeedApplication"
"045393-0000","0453930000","23","False","3_18mths_or_more_no_tda"
"045778-0000","0457780000","25","False","3_18mths_or_more_no_tda"
"046389-0000","0463890000","23","True","1_TaxDeedApplication"
"046423-0002","0464230002","1","False","0_None"
"046709-0000","0467090000","22","False","3_18mths_or_more_no_tda"
"047240-0000","0472400000","52","False","3_18mths_or_more_no_tda"
"047393-0010","0473930010","23","True","1_TaxDeedApplication"
"047569-0010","0475690010","23","True","1_TaxDeedApplication"
"047687-0005","0476870005","21","False","3_18mths_or_more_no_tda"
"047945-0160","0479450160","22","False","3_18mths_or_more_no_tda"
"048113-0000","0481130000","20","False","3_18mths_or_more_no_tda"
"048184-0000","0481840000","23","False","3_18mths_or_more_no_tda"
"048852-0100","0488520100","33","True","1_TaxDeedApplication"
"049080-0000","0490800000","21","False","3_18mths_or_more_no_tda"
"049991-0000","0499910000","43","False","3_18mths_or_more_no_tda"
"051271-0000","0512710000","23","True","1_TaxDeedApplication"
"051833-0000","0518330000","22","False","3_18mths_or_more_no_tda"
"052363-0000","0523630000","24","True","1_TaxDeedApplication"
"053353-0000","0533530000","20","False","3_18mths_or_more_no_tda"
"053360-0000","0533600000","25","True","1_TaxDeedApplication"
"053418-0000","0534180000","23","False","3_18mths_or_more_no_tda"
"053426-0000","0534260000","23","False","3_18mths_or_more_no_tda"
"053452-0000","0534520000","22","False","3_18mths_or_more_no_tda"
"053675-0000","0536750000","23","True","1_TaxDeedApplication"
"055148-0000","0551480000","23","False","3_18mths_or_more_no_tda"
"055150-0000","0551500000","23","False","3_18mths_or_more_no_tda"
"055208-0000","0552080000","19","False","3_18mths_or_more_no_tda"
"055852-0000","0558520000","34","False","3_18mths_or_more_no_tda"
"055870-0000","0558700000","35","True","1_TaxDeedApplication"
"056728-0000","0567280000","22","False","3_18mths_or_more_no_tda"
"056806-0000","0568060000","34","True","1_TaxDeedApplication"
"056964-0000","0569640000","35","True","1_TaxDeedApplication"
"056990-0000","0569900000","23","False","3_18mths_or_more_no_tda"
"057187-0000","0571870000","22","True","1_TaxDeedApplication"
"057320-0000","0573200000","28","False","3_18mths_or_more_no_tda"
"057566-0000","0575660000","22","False","3_18mths_or_more_no_tda"
"058135-0000","0581350000","21","False","3_18mths_or_more_no_tda"
"058277-0000","0582770000","13","False","0_None"
"058618-0000","0586180000","22","False","3_18mths_or_more_no_tda"
"058626-0000","0586260000","21","False","3_18mths_or_more_no_tda"
"058652-0000","0586520000","23","False","3_18mths_or_more_no_tda"
"058939-0115","0589390115","23","False","3_18mths_or_more_no_tda"
"058941-0020","0589410020","22","False","3_18mths_or_more_no_tda"
"059079-0000","0590790000","22","False","3_18mths_or_more_no_tda"
"059141-0010","0591410010","22","False","3_18mths_or_more_no_tda"
"059141-0060","0591410060","23","False","3_18mths_or_more_no_tda"
"059409-0000","0594090000","23","False","3_18mths_or_more_no_tda"
"059579-0000","0595790000","23","False","3_18mths_or_more_no_tda"
"059630-0000","0596300000","23","True","1_TaxDeedApplication"
"060055-0080","0600550080","1","False","0_None"
"060096-0000","0600960000","22","False","3_18mths_or_more_no_tda"
"060471-0000","0604710000","34","True","1_TaxDeedApplication"
"060693-0000","0606930000","19","False","3_18mths_or_more_no_tda"
"060744-0000","0607440000","21","False","3_18mths_or_more_no_tda"
"060818-0000","0608180000","22","False","3_18mths_or_more_no_tda"
"060856-0000","0608560000","23","True","1_TaxDeedApplication"
"061023-0000","0610230000","23","True","1_TaxDeedApplication"
"061752-0000","0617520000","23","True","1_TaxDeedApplication"
"061814-0000","0618140000","23","True","1_TaxDeedApplication"
"061815-0000","0618150000","21","False","3_18mths_or_more_no_tda"
"061994-0000","0619940000","21","False","3_18mths_or_more_no_tda"
"062266-0000","0622660000","19","False","3_18mths_or_more_no_tda"
"062579-0000","0625790000","22","False","3_18mths_or_more_no_tda"
"063064-0000","0630640000","23","False","3_18mths_or_more_no_tda"
"064137-0000","0641370000","19","False","3_18mths_or_more_no_tda"
"064138-0000","0641380000","23","False","3_18mths_or_more_no_tda"
"064162-0000","0641620000","21","False","3_18mths_or_more_no_tda"
"064381-0000","0643810000","23","True","1_TaxDeedApplication"
"064437-0000","0644370000","22","False","3_18mths_or_more_no_tda"
"064464-0000","0644640000","22","False","3_18mths_or_more_no_tda"
"064837-0100","0648370100","22","False","3_18mths_or_more_no_tda"
"064886-0000","0648860000","28","False","3_18mths_or_more_no_tda"
"065030-0000","0650300000","23","True","1_TaxDeedApplication"
"065030-0100","0650300100","23","True","1_TaxDeedApplication"
"065397-0020","0653970020","22","False","3_18mths_or_more_no_tda"
"065412-0000","0654120000","26","False","3_18mths_or_more_no_tda"
"065480-0000","0654800000","22","False","3_18mths_or_more_no_tda"
"066611-0000","0666110000","22","False","3_18mths_or_more_no_tda"
"066622-0000","0666220000","22","False","3_18mths_or_more_no_tda"
"066623-0000","0666230000","22","False","3_18mths_or_more_no_tda"
"066624-0000","0666240000","22","False","3_18mths_or_more_no_tda"
"066625-0000","0666250000","22","False","3_18mths_or_more_no_tda"
"066860-0000","0668600000","23","False","3_18mths_or_more_no_tda"
"067172-0000","0671720000","23","False","3_18mths_or_more_no_tda"
"067482-0000","0674820000","22","False","3_18mths_or_more_no_tda"
"067779-0000","0677790000","18","False","3_18mths_or_more_no_tda"
"067852-0000","0678520000","23","False","3_18mths_or_more_no_tda"
"068507-0000","0685070000","23","False","3_18mths_or_more_no_tda"
"068570-0000","0685700000","23","True","1_TaxDeedApplication"
"069064-0000","0690640000","22","False","3_18mths_or_more_no_tda"
"069501-0000","0695010000","22","False","3_18mths_or_more_no_tda"
"069780-0000","0697800000","22","False","3_18mths_or_more_no_tda"
"069789-0000","0697890000","22","False","3_18mths_or_more_no_tda"
"069859-0000","0698590000","22","True","1_TaxDeedApplication"
"069918-0000","0699180000","22","False","3_18mths_or_more_no_tda"
"069971-0000","0699710000","9","False","0_None"
"070353-0000","0703530000","20","False","3_18mths_or_more_no_tda"
"070939-0010","0709390010","22","False","3_18mths_or_more_no_tda"
"071025-0000","0710250000","23","True","1_TaxDeedApplication"
"071182-0000","0711820000","23","True","1_TaxDeedApplication"
"071237-0000","0712370000","22","False","3_18mths_or_more_no_tda"
"071402-0000","0714020000","23","False","3_18mths_or_more_no_tda"
"071525-0000","0715250000","25","True","1_TaxDeedApplication"
"071903-0000","0719030000","21","False","3_18mths_or_more_no_tda"
"071913-0000","0719130000","11","False","0_None"
"071990-0000","0719900000","23","False","3_18mths_or_more_no_tda"
"072019-0000","0720190000","22","False","3_18mths_or_more_no_tda"
"072043-0000","0720430000","22","False","3_18mths_or_more_no_tda"
"072053-0000","0720530000","23","False","3_18mths_or_more_no_tda"
"072372-0000","0723720000","25","False","3_18mths_or_more_no_tda"
"072406-0000","0724060000","23","False","3_18mths_or_more_no_tda"
"072514-0000","0725140000","23","True","1_TaxDeedApplication"
"072638-0000","0726380000","0","False","0_None"
"073093-0000","0730930000","22","False","3_18mths_or_more_no_tda"
"073349-0058","0733490058","22","False","3_18mths_or_more_no_tda"
"073440-0050","0734400050","23","True","1_TaxDeedApplication"
"073589-0000","0735890000","25","True","1_TaxDeedApplication"
"073641-0010","0736410010","23","False","3_18mths_or_more_no_tda"
"074761-0000","0747610000","23","True","1_TaxDeedApplication"
"074767-0000","0747670000","23","True","1_TaxDeedApplication"
"074769-0000","0747690000","23","True","1_TaxDeedApplication"
"075201-0000","0752010000","22","False","3_18mths_or_more_no_tda"
"076415-0000","0764150000","2","False","0_None"
"076580-0010","0765800010","32","False","3_18mths_or_more_no_tda"
"076679-0070","0766790070","11","False","0_None"
"076778-0000","0767780000","22","False","3_18mths_or_more_no_tda"
"076805-0000","0768050000","22","False","3_18mths_or_more_no_tda"
"077537-0000","0775370000","22","False","3_18mths_or_more_no_tda"
"078700-0000","0787000000","35","True","1_TaxDeedApplication"
"079053-0000","0790530000","35","True","1_TaxDeedApplication"
"079089-0000","0790890000","22","False","3_18mths_or_more_no_tda"
"079105-0000","0791050000","22","False","3_18mths_or_more_no_tda"
"080756-0000","0807560000","23","True","1_TaxDeedApplication"
"081827-0000","0818270000","22","False","3_18mths_or_more_no_tda"
"081906-0000","0819060000","23","True","1_TaxDeedApplication"
"082441-0000","0824410000","22","False","3_18mths_or_more_no_tda"
"083816-0000","0838160000","23","True","1_TaxDeedApplication"
"083827-0000","0838270000","17","False","0_None"
"083882-0000","0838820000","28","True","1_TaxDeedApplication"
"083923-0000","0839230000","23","True","1_TaxDeedApplication"
"084053-0010","0840530010","22","False","3_18mths_or_more_no_tda"
"084207-0000","0842070000","23","True","1_TaxDeedApplication"
"084596-0000","0845960000","23","True","1_TaxDeedApplication"
"086024-0000","0860240000","23","True","1_TaxDeedApplication"
"086140-0000","0861400000","3","False","0_None"
"086314-0000","0863140000","24","False","3_18mths_or_more_no_tda"
"086437-0000","0864370000","22","False","3_18mths_or_more_no_tda"
"086651-0000","0866510000","22","False","3_18mths_or_more_no_tda"
"087396-0000","0873960000","24","False","3_18mths_or_more_no_tda"
"087407-0000","0874070000","35","False","3_18mths_or_more_no_tda"
"087465-0000","0874650000","23","False","3_18mths_or_more_no_tda"
"088354-0000","0883540000","22","False","3_18mths_or_more_no_tda"
"090150-0000","0901500000","22","False","3_18mths_or_more_no_tda"
"090807-0000","0908070000","22","True","1_TaxDeedApplication"
"091677-0030","0916770030","21","False","3_18mths_or_more_no_tda"
"091940-0010","0919400010","22","False","3_18mths_or_more_no_tda"
"092584-0000","0925840000","23","False","3_18mths_or_more_no_tda"
"093294-0000","0932940000","23","True","1_TaxDeedApplication"
"093325-0000","0933250000","22","False","3_18mths_or_more_no_tda"
"093580-0000","0935800000","22","False","3_18mths_or_more_no_tda"
"093747-0000","0937470000","22","False","3_18mths_or_more_no_tda"
"093834-0000","0938340000","23","False","3_18mths_or_more_no_tda"
"093851-0000","0938510000","22","False","3_18mths_or_more_no_tda"
"094194-0000","0941940000","21","False","3_18mths_or_more_no_tda"
"094403-0000","0944030000","22","False","3_18mths_or_more_no_tda"
"095035-0000","0950350000","34","False","3_18mths_or_more_no_tda"
"095503-0000","0955030000","23","True","1_TaxDeedApplication"
"095504-0000","0955040000","23","True","1_TaxDeedApplication"
"095553-0000","0955530000","23","True","1_TaxDeedApplication"
"095554-0000","0955540000","23","True","1_TaxDeedApplication"
"095555-0000","0955550000","23","True","1_TaxDeedApplication"
"096317-0000","0963170000","21","False","3_18mths_or_more_no_tda"
"096751-0000","0967510000","22","False","3_18mths_or_more_no_tda"
"097052-0000","0970520000","24","False","3_18mths_or_more_no_tda"
"097061-0000","0970610000","23","False","3_18mths_or_more_no_tda"
"097218-0000","0972180000","22","False","3_18mths_or_more_no_tda"
"097343-0000","0973430000","22","False","3_18mths_or_more_no_tda"
"097567-0000","0975670000","22","False","3_18mths_or_more_no_tda"
"097857-0000","0978570000","21","False","3_18mths_or_more_no_tda"
"098338-0000","0983380000","22","False","3_18mths_or_more_no_tda"
"098338-0050","0983380050","22","True","1_TaxDeedApplication"
"098976-0000","0989760000","23","False","3_18mths_or_more_no_tda"
"099091-0000","0990910000","22","False","3_18mths_or_more_no_tda"
"099134-1942","0991341942","21","False","3_18mths_or_more_no_tda"
"099135-0030","0991350030","22","False","3_18mths_or_more_no_tda"
"099972-0000","0999720000","22","False","3_18mths_or_more_no_tda"
"099988-0000","0999880000","22","False","3_18mths_or_more_no_tda"
"100005-0000","1000050000","23","True","1_TaxDeedApplication"
"101120-0000","1011200000","22","False","3_18mths_or_more_no_tda"
"101220-0000","1012200000","22","False","3_18mths_or_more_no_tda"
"101230-0000","1012300000","23","False","3_18mths_or_more_no_tda"
"101538-0000","1015380000","22","False","3_18mths_or_more_no_tda"
"101778-0000","1017780000","22","False","3_18mths_or_more_no_tda"
"102958-0002","1029580002","0","False","0_None"
"103134-0000","1031340000","23","False","3_18mths_or_more_no_tda"
"103200-0000","1032000000","10","True","1_TaxDeedApplication"
"103338-0000","1033380000","22","False","3_18mths_or_more_no_tda"
"103341-1000","1033411000","22","False","3_18mths_or_more_no_tda"
"103517-2070","1035172070","23","False","3_18mths_or_more_no_tda"
"103603-0000","1036030000","22","False","3_18mths_or_more_no_tda"
"103740-0000","1037400000","22","False","3_18mths_or_more_no_tda"
"103826-0000","1038260000","22","False","3_18mths_or_more_no_tda"
"104441-0000","1044410000","22","False","3_18mths_or_more_no_tda"
"104582-0000","1045820000","23","False","3_18mths_or_more_no_tda"
"104681-0000","1046810000","35","True","1_TaxDeedApplication"
"104829-0000","1048290000","22","False","3_18mths_or_more_no_tda"
"104990-0000","1049900000","22","False","3_18mths_or_more_no_tda"
"105286-0000","1052860000","23","True","1_TaxDeedApplication"
"105474-0000","1054740000","22","False","3_18mths_or_more_no_tda"
"105506-0000","1055060000","23","True","1_TaxDeedApplication"
"105722-3040","1057223040","23","False","3_18mths_or_more_no_tda"
"105810-1244","1058101244","22","False","3_18mths_or_more_no_tda"
"106088-2335","1060882335","22","False","3_18mths_or_more_no_tda"
"106153-0035","1061530035","23","True","1_TaxDeedApplication"
"106277-0310","1062770310","22","False","3_18mths_or_more_no_tda"
"106381-0590","1063810590","22","False","3_18mths_or_more_no_tda"
"106385-0010","1063850010","22","False","3_18mths_or_more_no_tda"
"106432-0010","1064320010","22","False","3_18mths_or_more_no_tda"
"106578-7340","1065787340","22","False","3_18mths_or_more_no_tda"
"106606-6170","1066066170","35","True","1_TaxDeedApplication"
"106916-0000","1069160000","22","False","3_18mths_or_more_no_tda"
"106935-0510","1069350510","24","False","3_18mths_or_more_no_tda"
"107005-0030","1070050030","22","False","3_18mths_or_more_no_tda"
"107038-0000","1070380000","22","False","3_18mths_or_more_no_tda"
"107413-0000","1074130000","23","False","3_18mths_or_more_no_tda"
"107589-0002","1075890002","23","True","1_TaxDeedApplication"
"107854-0040","1078540040","20","False","3_18mths_or_more_no_tda"
"108006-0000","1080060000","22","False","3_18mths_or_more_no_tda"
"108072-0890","1080720890","22","False","3_18mths_or_more_no_tda"
"108082-0015","1080820015","22","False","3_18mths_or_more_no_tda"
"108092-0150","1080920150","22","False","3_18mths_or_more_no_tda"
"108245-0000","1082450000","22","False","3_18mths_or_more_no_tda"
"108321-0010","1083210010","22","False","3_18mths_or_more_no_tda"
"108409-1500","1084091500","22","False","3_18mths_or_more_no_tda"
"108433-0200","1084330200","20","False","3_18mths_or_more_no_tda"
"108755-0000","1087550000","22","False","3_18mths_or_more_no_tda"
"108822-0025","1088220025","23","True","1_TaxDeedApplication"
"108889-0020","1088890020","22","False","3_18mths_or_more_no_tda"
"108927-1454","1089271454","21","False","3_18mths_or_more_no_tda"
"108964-0556","1089640556","22","False","3_18mths_or_more_no_tda"
"109463-0000","1094630000","22","False","3_18mths_or_more_no_tda"
"109645-0000","1096450000","23","False","3_18mths_or_more_no_tda"
"109646-0010","1096460010","22","False","3_18mths_or_more_no_tda"
"110444-0000","1104440000","22","False","3_18mths_or_more_no_tda"
"110606-0155","1106060155","22","False","3_18mths_or_more_no_tda"
"110640-0030","1106400030","22","False","3_18mths_or_more_no_tda"
"110724-0000","1107240000","23","False","3_18mths_or_more_no_tda"
"110814-0000","1108140000","22","False","3_18mths_or_more_no_tda"
"110903-0050","1109030050","22","False","3_18mths_or_more_no_tda"
"111351-0000","1113510000","44","True","1_TaxDeedApplication"
"111414-0260","1114140260","22","False","3_18mths_or_more_no_tda"
"111493-0950","1114930950","23","False","3_18mths_or_more_no_tda"
"111493-1790","1114931790","21","False","3_18mths_or_more_no_tda"
"111695-0000","1116950000","22","False","3_18mths_or_more_no_tda"
"111707-0000","1117070000","20","False","3_18mths_or_more_no_tda"
"111746-0000","1117460000","45","False","3_18mths_or_more_no_tda"
"112202-0000","1122020000","22","False","3_18mths_or_more_no_tda"
"112332-3335","1123323335","22","False","3_18mths_or_more_no_tda"
"112436-0000","1124360000","22","False","3_18mths_or_more_no_tda"
"112853-0540","1128530540","22","False","3_18mths_or_more_no_tda"
"112889-1630","1128891630","22","False","3_18mths_or_more_no_tda"
"112955-0100","1129550100","22","False","3_18mths_or_more_no_tda"
"112979-0000","1129790000","22","False","3_18mths_or_more_no_tda"
"113033-6155","1130336155","22","False","3_18mths_or_more_no_tda"
"113190-0000","1131900000","23","True","1_TaxDeedApplication"
"113313-1026","1133131026","21","False","3_18mths_or_more_no_tda"
"114416-0000","1144160000","23","False","3_18mths_or_more_no_tda"
"114853-0000","1148530000","22","False","3_18mths_or_more_no_tda"
"115315-0000","1153150000","22","True","1_TaxDeedApplication"
"115655-0000","1156550000","63","False","3_18mths_or_more_no_tda"
"115858-0000","1158580000","22","False","3_18mths_or_more_no_tda"
"116637-0000","1166370000","23","True","1_TaxDeedApplication"
"116797-0000","1167970000","22","False","3_18mths_or_more_no_tda"
"116865-0000","1168650000","22","False","3_18mths_or_more_no_tda"
"116915-0000","1169150000","23","False","3_18mths_or_more_no_tda"
"117254-0000","1172540000","21","False","3_18mths_or_more_no_tda"
"117553-0000","1175530000","23","False","3_18mths_or_more_no_tda"
"117887-0000","1178870000","22","False","3_18mths_or_more_no_tda"
"118339-0000","1183390000","19","False","3_18mths_or_more_no_tda"
"118908-0000","1189080000","23","True","1_TaxDeedApplication"
"118919-0000","1189190000","21","False","3_18mths_or_more_no_tda"
"118994-0000","1189940000","22","False","3_18mths_or_more_no_tda"
"119513-0000","1195130000","23","False","3_18mths_or_more_no_tda"
"120540-0000","1205400000","22","False","3_18mths_or_more_no_tda"
"120609-2476","1206092476","25","True","1_TaxDeedApplication"
"120799-0184","1207990184","22","False","3_18mths_or_more_no_tda"
"120881-0500","1208810500","23","True","1_TaxDeedApplication"
"121029-0000","1210290000","11","True","1_TaxDeedApplication"
"121145-0000","1211450000","22","False","3_18mths_or_more_no_tda"
"121322-0000","1213220000","23","False","3_18mths_or_more_no_tda"
"121358-0000","1213580000","29","True","1_TaxDeedApplication"
"121520-0000","1215200000","20","False","3_18mths_or_more_no_tda"
"121564-0000","1215640000","22","False","3_18mths_or_more_no_tda"
"121786-0000","1217860000","22","False","3_18mths_or_more_no_tda"
"122842-0010","1228420010","23","True","1_TaxDeedApplication"
"123158-0000","1231580000","22","True","1_TaxDeedApplication"
"123345-0000","1233450000","21","False","3_18mths_or_more_no_tda"
"123441-0000","1234410000","22","False","3_18mths_or_more_no_tda"
"123452-0000","1234520000","22","False","3_18mths_or_more_no_tda"
"124017-0000","1240170000","22","False","3_18mths_or_more_no_tda"
"124227-0000","1242270000","22","True","1_TaxDeedApplication"
"124588-0000","1245880000","22","False","3_18mths_or_more_no_tda"
"124771-0000","1247710000","23","True","1_TaxDeedApplication"
"124875-0000","1248750000","22","False","3_18mths_or_more_no_tda"
"125003-0000","1250030000","23","False","3_18mths_or_more_no_tda"
"125037-0000","1250370000","22","False","3_18mths_or_more_no_tda"
"125192-0000","1251920000","22","False","3_18mths_or_more_no_tda"
"125517-0000","1255170000","22","False","3_18mths_or_more_no_tda"
"125700-0000","1257000000","22","False","3_18mths_or_more_no_tda"
"126132-0000","1261320000","22","False","3_18mths_or_more_no_tda"
"126135-0010","1261350010","34","False","3_18mths_or_more_no_tda"
"127063-0000","1270630000","22","False","3_18mths_or_more_no_tda"
"128616-0000","1286160000","23","True","1_TaxDeedApplication"
"128670-0000","1286700000","21","False","3_18mths_or_more_no_tda"
"128804-0000","1288040000","22","False","3_18mths_or_more_no_tda"
"129382-0020","1293820020","22","False","3_18mths_or_more_no_tda"
"129625-0000","1296250000","22","False","3_18mths_or_more_no_tda"
"129957-5594","1299575594","0","False","0_None"
"130472-0000","1304720000","22","False","3_18mths_or_more_no_tda"
"130473-0000","1304730000","22","False","3_18mths_or_more_no_tda"
"131492-0000","1314920000","19","False","3_18mths_or_more_no_tda"
"131555-0000","1315550000","22","False","3_18mths_or_more_no_tda"
"132519-0000","1325190000","23","True","1_TaxDeedApplication"
"132597-0000","1325970000","22","False","3_18mths_or_more_no_tda"
"132719-0000","1327190000","22","False","3_18mths_or_more_no_tda"
"133431-0000","1334310000","22","False","3_18mths_or_more_no_tda"
"134396-0000","1343960000","21","False","3_18mths_or_more_no_tda"
"134650-0000","1346500000","22","False","3_18mths_or_more_no_tda"
"134828-0000","1348280000","23","False","3_18mths_or_more_no_tda"
"135167-0000","1351670000","22","False","3_18mths_or_more_no_tda"
"135788-0000","1357880000","27","True","1_TaxDeedApplication"
"136163-1667","1361631667","22","False","3_18mths_or_more_no_tda"
"136240-0545","1362400545","22","False","3_18mths_or_more_no_tda"
"136256-0000","1362560000","23","False","3_18mths_or_more_no_tda"
"136318-0000","1363180000","22","False","3_18mths_or_more_no_tda"
"136380-0010","1363800010","22","False","3_18mths_or_more_no_tda"
"136956-0100","1369560100","47","False","3_18mths_or_more_no_tda"
"137087-0000","1370870000","42","True","1_TaxDeedApplication"
"137130-0000","1371300000","22","False","3_18mths_or_more_no_tda"
"137140-0515","1371400515","22","False","3_18mths_or_more_no_tda"
"137339-0000","1373390000","22","False","3_18mths_or_more_no_tda"
"137462-0000","1374620000","20","False","3_18mths_or_more_no_tda"
"138939-0000","1389390000","23","False","3_18mths_or_more_no_tda"
"139319-0000","1393190000","22","False","3_18mths_or_more_no_tda"
"139467-0000","1394670000","21","False","3_18mths_or_more_no_tda"
"139535-0000","1395350000","34","False","3_18mths_or_more_no_tda"
"140252-0000","1402520000","22","False","3_18mths_or_more_no_tda"
"141118-0010","1411180010","22","False","3_18mths_or_more_no_tda"
"141199-0000","1411990000","22","True","1_TaxDeedApplication"
"141558-0000","1415580000","22","False","3_18mths_or_more_no_tda"
"141704-0000","1417040000","10","False","0_None"
"142557-0000","1425570000","23","False","3_18mths_or_more_no_tda"
"142988-0000","1429880000","23","True","1_TaxDeedApplication"
"143372-0000","1433720000","22","False","3_18mths_or_more_no_tda"
"143572-0000","1435720000","22","False","3_18mths_or_more_no_tda"
"144251-0000","1442510000","23","True","1_TaxDeedApplication"
"144816-0000","1448160000","23","True","1_TaxDeedApplication"
"144828-0000","1448280000","23","True","1_TaxDeedApplication"
"144917-0010","1449170010","22","False","3_18mths_or_more_no_tda"
"144988-0000","1449880000","24","False","3_18mths_or_more_no_tda"
"145132-0000","1451320000","22","False","3_18mths_or_more_no_tda"
"146036-5156","1460365156","23","True","1_TaxDeedApplication"
"146811-0010","1468110010","22","False","3_18mths_or_more_no_tda"
"146823-0000","1468230000","22","False","3_18mths_or_more_no_tda"
"146842-0000","1468420000","0","False","0_None"
"147424-0000","1474240000","19","False","3_18mths_or_more_no_tda"
"147588-0000","1475880000","11","False","0_None"
"147707-0000","1477070000","38","True","1_TaxDeedApplication"
"147984-0260","1479840260","23","True","1_TaxDeedApplication"
"148152-1266","1481521266","26","False","3_18mths_or_more_no_tda"
"148320-0516","1483200516","23","False","3_18mths_or_more_no_tda"
"148457-0000","1484570000","23","False","3_18mths_or_more_no_tda"
"148472-0000","1484720000","22","False","3_18mths_or_more_no_tda"
"148514-0594","1485140594","22","False","3_18mths_or_more_no_tda"
"148514-3002","1485143002","24","True","1_TaxDeedApplication"
"148521-0206","1485210206","21","False","3_18mths_or_more_no_tda"
"148522-5022","1485225022","21","False","3_18mths_or_more_no_tda"
"148631-2316","1486312316","22","False","3_18mths_or_more_no_tda"
"148632-0652","1486320652","23","False","3_18mths_or_more_no_tda"
"148635-0254","1486350254","22","False","3_18mths_or_more_no_tda"
"148704-0178","1487040178","22","False","3_18mths_or_more_no_tda"
"149016-7070","1490167070","0","False","0_None"
"149016-7914","1490167914","23","True","1_TaxDeedApplication"
"149017-6040","1490176040","0","False","0_None"
"149020-0000","1490200000","49","True","1_TaxDeedApplication"
"149077-1016","1490771016","0","False","0_None"
"149206-0370","1492060370","1","False","0_None"
"149235-0020","1492350020","21","False","3_18mths_or_more_no_tda"
"149265-0010","1492650010","21","False","3_18mths_or_more_no_tda"
"149620-0162","1496200162","22","False","3_18mths_or_more_no_tda"
"150440-0000","1504400000","32","False","3_18mths_or_more_no_tda"
"150775-0000","1507750000","22","True","1_TaxDeedApplication"
"151041-0000","1510410000","22","False","3_18mths_or_more_no_tda"
"151145-0000","1511450000","22","False","3_18mths_or_more_no_tda"
"151719-0000","1517190000","22","False","3_18mths_or_more_no_tda"
"151810-1026","1518101026","27","False","3_18mths_or_more_no_tda"
"151852-0000","1518520000","22","False","3_18mths_or_more_no_tda"
"152192-0000","1521920000","23","False","3_18mths_or_more_no_tda"
"152562-5830","1525625830","39","False","3_18mths_or_more_no_tda"
"152594-9954","1525949954","0","False","0_None"
"152741-0025","1527410025","22","False","3_18mths_or_more_no_tda"
"152741-0315","1527410315","22","False","3_18mths_or_more_no_tda"
"152741-0320","1527410320","23","False","3_18mths_or_more_no_tda"
"152852-0000","1528520000","23","True","1_TaxDeedApplication"
"153050-0005","1530500005","19","False","3_18mths_or_more_no_tda"
"153135-0000","1531350000","24","False","3_18mths_or_more_no_tda"
"154039-8650","1540398650","23","False","3_18mths_or_more_no_tda"
"154143-0000","1541430000","21","False","3_18mths_or_more_no_tda"
"154166-2854","1541662854","22","False","3_18mths_or_more_no_tda"
"154362-0000","1543620000","22","False","3_18mths_or_more_no_tda"
"155279-0000","1552790000","22","False","3_18mths_or_more_no_tda"
"155433-0000","1554330000","22","False","3_18mths_or_more_no_tda"
"155674-5244","1556745244","22","False","3_18mths_or_more_no_tda"
"155916-0336","1559160336","23","False","3_18mths_or_more_no_tda"
"156000-0000","1560000000","22","False","3_18mths_or_more_no_tda"
"156332-1036","1563321036","23","False","3_18mths_or_more_no_tda"
"156424-0080","1564240080","21","False","3_18mths_or_more_no_tda"
"156601-0000","1566010000","0","False","0_None"
"156762-0000","1567620000","22","False","3_18mths_or_more_no_tda"
"156920-0000","1569200000","22","False","3_18mths_or_more_no_tda"
"157154-0000","1571540000","22","False","3_18mths_or_more_no_tda"
"157193-0500","1571930500","23","False","3_18mths_or_more_no_tda"
"157245-0016","1572450016","23","False","3_18mths_or_more_no_tda"
"157246-0080","1572460080","34","False","3_18mths_or_more_no_tda"
"157817-0110","1578170110","25","True","1_TaxDeedApplication"
"158094-0760","1580940760","22","True","1_TaxDeedApplication"
"158125-0100","1581250100","22","False","3_18mths_or_more_no_tda"
"158136-2012","1581362012","19","True","1_TaxDeedApplication"
"158163-0000","1581630000","21","False","3_18mths_or_more_no_tda"
"158276-0010","1582760010","22","False","3_18mths_or_more_no_tda"
"158763-0682","1587630682","22","False","3_18mths_or_more_no_tda"
"158847-1040","1588471040","22","False","3_18mths_or_more_no_tda"
"160265-0000","1602650000","0","False","0_None"
"160281-3060","1602813060","29","False","3_18mths_or_more_no_tda"
"160281-7005","1602817005","22","True","1_TaxDeedApplication"
"160316-0000","1603160000","22","False","3_18mths_or_more_no_tda"
"160449-0000","1604490000","19","False","3_18mths_or_more_no_tda"
"160575-0000","1605750000","22","False","3_18mths_or_more_no_tda"
"160663-1210","1606631210","22","False","3_18mths_or_more_no_tda"
"160671-0110","1606710110","22","True","1_TaxDeedApplication"
"160671-0510","1606710510","22","False","3_18mths_or_more_no_tda"
"160938-0000","1609380000","22","False","3_18mths_or_more_no_tda"
"161020-2935","1610202935","22","False","3_18mths_or_more_no_tda"
"161132-4185","1611324185","22","False","3_18mths_or_more_no_tda"
"161193-0000","1611930000","22","False","3_18mths_or_more_no_tda"
"161323-0000","1613230000","22","False","3_18mths_or_more_no_tda"
"161674-0000","1616740000","35","True","1_TaxDeedApplication"
"162109-4550","1621094550","22","False","3_18mths_or_more_no_tda"
"162126-0110","1621260110","22","False","3_18mths_or_more_no_tda"
"162139-0000","1621390000","22","False","3_18mths_or_more_no_tda"
"162157-1190","1621571190","0","False","0_None"
"162223-1820","1622231820","23","False","3_18mths_or_more_no_tda"
"162830-0000","1628300000","22","False","3_18mths_or_more_no_tda"
"162883-0152","1628830152","22","False","3_18mths_or_more_no_tda"
"162883-0153","1628830153","22","False","3_18mths_or_more_no_tda"
"162929-0000","1629290000","22","False","3_18mths_or_more_no_tda"
"163005-0000","1630050000","23","True","1_TaxDeedApplication"
"163181-0000","1631810000","23","False","3_18mths_or_more_no_tda"
"163194-0000","1631940000","23","True","1_TaxDeedApplication"
"163946-0000","1639460000","22","False","3_18mths_or_more_no_tda"
"164000-0000","1640000000","20","False","3_18mths_or_more_no_tda"
"164149-0000","1641490000","36","False","3_18mths_or_more_no_tda"
"164259-0000","1642590000","22","False","3_18mths_or_more_no_tda"
"164302-0000","1643020000","23","True","1_TaxDeedApplication"
"164478-0000","1644780000","22","False","3_18mths_or_more_no_tda"
"164497-0000","1644970000","23","False","3_18mths_or_more_no_tda"
"164542-0000","1645420000","22","False","3_18mths_or_more_no_tda"
"164655-0000","1646550000","22","True","1_TaxDeedApplication"
"164698-0000","1646980000","22","False","3_18mths_or_more_no_tda"
"164709-0000","1647090000","22","True","1_TaxDeedApplication"
"164799-0000","1647990000","23","False","3_18mths_or_more_no_tda"
"164806-0000","1648060000","23","True","1_TaxDeedApplication"
"164865-0000","1648650000","22","False","3_18mths_or_more_no_tda"
"165262-3025","1652623025","30","False","3_18mths_or_more_no_tda"
"165264-6920","1652646920","22","False","3_18mths_or_more_no_tda"
"165270-1240","1652701240","22","False","3_18mths_or_more_no_tda"
"165270-1254","1652701254","22","False","3_18mths_or_more_no_tda"
"165283-0285","1652830285","22","False","3_18mths_or_more_no_tda"
"165291-1018","1652911018","21","False","3_18mths_or_more_no_tda"
"165540-0000","1655400000","0","False","0_None"
"166286-8035","1662868035","21","True","1_TaxDeedApplication"
"166557-4380","1665574380","22","False","3_18mths_or_more_no_tda"
"166931-0278","1669310278","23","False","3_18mths_or_more_no_tda"
"167067-1384","1670671384","23","False","3_18mths_or_more_no_tda"
"167067-1742","1670671742","24","False","3_18mths_or_more_no_tda"
"167127-2100","1671272100","21","False","3_18mths_or_more_no_tda"
"167127-6065","1671276065","21","False","3_18mths_or_more_no_tda"
"167128-6000","1671286000","22","False","3_18mths_or_more_no_tda"
"167132-8155","1671328155","23","True","1_TaxDeedApplication"
"167316-1385","1673161385","23","False","3_18mths_or_more_no_tda"
"167333-0595","1673330595","22","False","3_18mths_or_more_no_tda"
"167444-0562","1674440562","22","False","3_18mths_or_more_no_tda"
"167444-7350","1674447350","22","False","3_18mths_or_more_no_tda"
"167453-5052","1674535052","21","False","3_18mths_or_more_no_tda"
"167453-5506","1674535506","26","False","3_18mths_or_more_no_tda"
"167457-1520","1674571520","22","False","3_18mths_or_more_no_tda"
"167636-0000","1676360000","22","False","3_18mths_or_more_no_tda"
"167725-2535","1677252535","22","False","3_18mths_or_more_no_tda"
"167725-5176","1677255176","22","False","3_18mths_or_more_no_tda"
"167732-6555","1677326555","35","False","3_18mths_or_more_no_tda"
"167741-6950","1677416950","22","False","3_18mths_or_more_no_tda"
"167741-6955","1677416955","22","False","3_18mths_or_more_no_tda"
"167742-3575","1677423575","22","True","1_TaxDeedApplication"
"167745-2572","1677452572","23","False","3_18mths_or_more_no_tda"
"167747-1146","1677471146","34","False","3_18mths_or_more_no_tda"
"167813-0000","1678130000","22","False","3_18mths_or_more_no_tda"
"168021-0000","1680210000","22","False","3_18mths_or_more_no_tda"
"168135-2406","1681352406","22","False","3_18mths_or_more_no_tda"
"168149-7440","1681497440","23","False","3_18mths_or_more_no_tda"
"168520-0000","1685200000","24","False","3_18mths_or_more_no_tda"
"168891-0302","1688910302","22","False","3_18mths_or_more_no_tda"
"169385-1220","1693851220","0","False","0_None"
"169722-0000","1697220000","21","False","3_18mths_or_more_no_tda"
"170660-0010","1706600010","20","False","3_18mths_or_more_no_tda"
"170777-0000","1707770000","22","False","3_18mths_or_more_no_tda"
"171002-0065","1710020065","22","False","3_18mths_or_more_no_tda"
"171238-0000","1712380000","23","False","3_18mths_or_more_no_tda"
"171244-0000","1712440000","57","False","3_18mths_or_more_no_tda"
"171670-0000","1716700000","22","False","3_18mths_or_more_no_tda"
"172323-0000","1723230000","22","False","3_18mths_or_more_no_tda"
"172328-0500","1723280500","22","False","3_18mths_or_more_no_tda"
"173072-0000","1730720000","22","False","3_18mths_or_more_no_tda"
"173462-0000","1734620000","22","False","3_18mths_or_more_no_tda"
"173826-0000","1738260000","22","False","3_18mths_or_more_no_tda"
"173940-0000","1739400000","23","True","1_TaxDeedApplication"
"174058-0000","1740580000","22","False","3_18mths_or_more_no_tda"
"175248-0000","1752480000","22","False","3_18mths_or_more_no_tda"
"175286-0000","1752860000","22","False","3_18mths_or_more_no_tda"
"175333-0000","1753330000","22","False","3_18mths_or_more_no_tda"
"175572-0010","1755720010","23","False","3_18mths_or_more_no_tda"
"175730-0000","1757300000","22","False","3_18mths_or_more_no_tda"
"175768-0000","1757680000","25","False","3_18mths_or_more_no_tda"
"175949-1306","1759491306","23","False","3_18mths_or_more_no_tda"
"176074-0000","1760740000","22","False","3_18mths_or_more_no_tda"
"176495-1000","1764951000","22","False","3_18mths_or_more_no_tda"
"176559-0000","1765590000","0","False","0_None"
"176989-0560","1769890560","22","False","3_18mths_or_more_no_tda"
"177321-0005","1773210005","23","False","3_18mths_or_more_no_tda"
"177325-0000","1773250000","23","False","3_18mths_or_more_no_tda"
"177387-3050","1773873050","23","False","3_18mths_or_more_no_tda"
"178069-0000","1780690000","22","False","3_18mths_or_more_no_tda"
"178077-4088","1780774088","22","False","3_18mths_or_more_no_tda"
"178210-0000","1782100000","22","False","3_18mths_or_more_no_tda"
"178602-2775","1786022775","22","False","3_18mths_or_more_no_tda"
"004519-1990","0045191990","23","False","3_18mths_or_more_no_tda"
"007349-0000","0073490000","23","True","1_TaxDeedApplication"
"016363-0000","0163630000","23","True","1_TaxDeedApplication"
"022812-0000","0228120000","11","False","0_None"
"022812-0000","0228120000","11","False","0_None"
"026977-0000","0269770000","33","False","3_18mths_or_more_no_tda"
"026977-0000","0269770000","33","False","3_18mths_or_more_no_tda"
"035056-0000","0350560000","42","False","3_18mths_or_more_no_tda"
"036700-0000","0367000000","23","False","3_18mths_or_more_no_tda"
"045274-0000","0452740000","35","True","1_TaxDeedApplication"
"047393-0010","0473930010","23","True","1_TaxDeedApplication"
"065030-0000","0650300000","23","True","1_TaxDeedApplication"
"065030-0100","0650300100","23","True","1_TaxDeedApplication"
"072638-0000","0726380000","0","False","0_None"
"072638-0000","0726380000","0","False","0_None"
"072638-0000","0726380000","0","False","0_None"
"072638-0000","0726380000","0","False","0_None"
"072638-0000","0726380000","0","False","0_None"
"084368-0000","0843680000","35","True","1_TaxDeedApplication"
"084368-0000","0843680000","35","True","1_TaxDeedApplication"
"104681-0000","1046810000","35","True","1_TaxDeedApplication"
"104681-0000","1046810000","35","True","1_TaxDeedApplication"
"108360-0000","1083600000","58","False","3_18mths_or_more_no_tda"
"120609-2476","1206092476","25","True","1_TaxDeedApplication"
"120609-2476","1206092476","25","True","1_TaxDeedApplication"
"120609-2476","1206092476","25","True","1_TaxDeedApplication"
"134828-0000","1348280000","23","False","3_18mths_or_more_no_tda"
"165288-5020","1652885020","64","False","3_18mths_or_more_no_tda"
"171244-0000","1712440000","57","False","3_18mths_or_more_no_tda"
