"parcel","situs_address","situs_city","situs_zip","total_due_numeric","bill_years"
"022445-0005",,,,"2077.48",""
"024455-1675",,,,"0.0",""
"038214-0000",,,,"0.0",""
"000882-0000",,,,"881.54",""
"002651-1775",,,,"729.32",""
"004025-2410",,,,"0.0",""
"012233-0000",,,,"0.0",""
"012626-0000",,,,"1291.6",""
"015330-0010",,,,"2371.45",""
"145159-0020",,,,"3544.52",""
"971270-7300",,,,"0.0",""
"971450-6600",,,,"0.0",""
"004627-0078",,,,"1934.73",""
"004639-0020",,,,"0.0",""
"005477-0050",,,,"1086.99",""
"007673-0000",,,,"0.0",""
"009304-0015",,,,"0.0",""
"009463-0000",,,,"0.0",""
"013300-0070",,,,"1979.93",""
"016519-2716",,,,"0.0",""
"018069-0000",,,,"2700.61",""
"024746-0000",,,,"0.0",""
"026466-0000",,,,"365.46",""
"002866-0200",,,,"0.0",""
"005756-0085",,,,"0.0",""
"012709-2170",,,,"8455.79",""
"012724-1230",,,,"7329.74",""
"013987-0000",,,,"5461.78",""
"014144-0000",,,,"6446.38",""
"014327-2606",,,,"5648.29",""
"014603-1318",,,,"7287.38",""
"014603-4560",,,,"7070.77",""
"015239-0000",,,,"0.0",""
"016904-0000",,,,"5802.56",""
"017040-0000",,,,"5495.62",""
"017340-0000",,,,"5516.85",""
"018400-0000",,,,"5508.53",""
"020915-0000",,,,"2916.23",""
"023473-0000",,,,"4107.93",""
"023601-0000",,,,"0.0",""
"027332-0000",,,,"0.0",""
"027378-0000",,,,"1343.18",""
"028414-0000",,,,"0.0",""
"148631-0507",,,,"3444.79",""
"076131-0000",,,,"0.0",""
"000354-0000",,,,"1086.76",""
"000355-0000",,,,"190.36",""
"000441-0000",,,,"268.29",""
"002728-0000",,,,"4723.24",""
"003736-0000",,,,"1177.03",""
"019700-0210",,,,"0.0",""
"058235-0000",,,,"0.0",""
"000472-1020",,,,"9592.69",""
"001642-0020",,,,"1536.61",""
"002639-0010",,,,"24.65",""
"003986-0000",,,,"5328.22",""
"004327-0110",,,,"2952.9",""
"004328-0010",,,,"372.48",""
"004329-0020",,,,"792.86",""
"004330-0010",,,,"1586.47",""
"004372-0000",,,,"0.0",""
"004396-0000",,,,"0.0",""
"844269-0000",,,,"0.0",""
"070830-0000",,,,"0.0",""
"071142-0000",,,,"0.0",""
"071507-0000",,,,"0.0",""
"114792-0020",,,,"0.0",""
"122526-0000",,,,"201.45",""
"971395-6700",,,,"0.0",""
"019879-0200",,,,"1466.37",""
"021111-0000",,,,"1968.36",""
"000038-0010",,,,"0.0",""
"000061-0000",,,,"2973.02",""
"000068-0010",,,,"1415.84",""
"000083-0000",,,,"0.0",""
"000178-0000",,,,"0.0",""
"000219-0000",,,,"365.31",""
"000269-0000",,,,"0.0",""
"000305-0010",,,,"0.0",""
"000420-0180",,,,"0.0",""
"002333-1710",,,,"0.0",""
"002333-2015",,,,"0.0",""
"009062-6325",,,,"0.0",""
"013082-0610",,,,"0.0",""
"013274-0130",,,,"1647.41",""
"013522-0130",,,,"0.0",""
"013522-0145",,,,"0.0",""
"013522-0310",,,,"0.0",""
"014273-6170",,,,"0.0",""
"015192-2640",,,,"1250.29",""
"015194-0450",,,,"0.0",""
"015195-0170",,,,"0.0",""
"015195-1100",,,,"1259.97",""
"141523-0000",,,,"0.0",""
"001006-0180",,,,"747.43",""
"009825-0000",,,,"0.0",""
"011697-0000",,,,"3300.58",""
"015716-7058",,,,"0.0",""
"086213-0000",,,,"1600.31",""
"971236-0300",,,,"0.0",""
"002482-1010",,,,"0.0",""
"002651-0280",,,,"0.0",""
"002882-0000",,,,"0.0",""
"003784-0160",,,,"0.0",""
"003784-0230",,,,"0.0",""
"003784-0240",,,,"0.0",""
"003784-0260",,,,"0.0",""
"003784-0340",,,,"0.0",""
"003784-0355",,,,"0.0",""
"003784-0390",,,,"0.0",""
"003784-0865",,,,"0.0",""
"002651-1405",,,,"702.62",""
"016463-6255",,,,"0.0",""
"021834-0000",,,,"938.45",""
"021835-0000",,,,"313.62",""
"022624-0000",,,,"3168.26",""
"022883-0000",,,,"0.0",""
"041135-0000",,,,"1393.39",""
"044617-0000",,,,"1606.58",""
"045919-0000",,,,"559.4",""
"047990-0000",,,,"16124.44",""
"049139-0000",,,,"2619.28",""
"049141-0000",,,,"2184.58",""
"055347-0000",,,,"1883.88",""
"055370-0000",,,,"0.0",""
"055372-0000",,,,"0.0",""
"055385-0000",,,,"0.0",""
"145334-0395",,,,"0.0",""
"000504-0000",,,,"2236.82",""
"003719-0000",,,,"383.97",""
"004025-2415",,,,"0.0",""
"004425-0000",,,,"3168.53",""
"005555-0000",,,,"854.13",""
"005561-0000",,,,"308.27",""
"005561-0010",,,,"2039.69",""
"005997-0000",,,,"3646.19",""
"007466-1165",,,,"0.0",""
"014273-6486",,,,"0.0",""
"014603-4315",,,,"0.0",""
"014603-6125",,,,"1080.07",""
"023770-0000",,,,"2066.65",""
"024055-0000",,,,"1649.29",""
"024716-0000",,,,"752.59",""
"000554-0000",,,,"331.55",""
"000971-1202",,,,"1216.04",""
"002520-0020",,,,"0.0",""
"002552-1015",,,,"205.25",""
"002552-1025",,,,"46.47",""
"002588-0300",,,,"0.0",""
"002588-0400",,,,"0.0",""
"002607-0000",,,,"1709.88",""
"002610-1900",,,,"1997.73",""
"002618-0100",,,,"1139.62",""
"002651-1085",,,,"0.0",""
"002651-1155",,,,"0.0",""
"002651-1195",,,,"0.0",""
"003208-0010",,,,"2891.25",""
"014603-3060",,,,"0.0",""
"001527-0000",,,,"0.0",""
"001860-2215",,,,"0.0",""
"002207-0000",,,,"0.0",""
"004703-0050",,,,"0.0",""
"008806-1710",,,,"0.0",""
"008889-0070",,,,"0.0",""
"008891-1010",,,,"0.0",""
"011398-0150",,,,"0.0",""
"012724-1490",,,,"0.0",""
"012853-1205",,,,"0.0",""
"012947-2030",,,,"1573.71",""
"013090-1620",,,,"0.0",""
"012916-0210",,,,"0.0",""
"012939-0010",,,,"0.0",""
"012944-0040",,,,"0.0",""
"012955-0025",,,,"696.23",""
"012956-0500",,,,"0.0",""
"012985-0010",,,,"0.0",""
"013030-0100",,,,"481.85",""
"013183-0030",,,,"0.0",""
"013185-0004",,,,"0.0",""
"013194-0400",,,,"492.24",""
"013196-0070",,,,"0.0",""
"013196-0110",,,,"0.0",""
"099134-1468",,,,"0.0",""
"154166-2295",,,,"17.22",""
"156590-3050",,,,"0.0",""
"971480-1100",,,,"0.0",""
"006393-0100",,,,"1008.18",""
"006892-0100",,,,"20.81",""
"008806-0266",,,,"0.0",""
"013128-1300",,,,"0.0",""
"014272-0730",,,,"3286.71",""
"015250-0000",,,,"6884.81",""
"020740-0000",,,,"5950.67",""
"023854-0000",,,,"0.0",""
"024586-0000",,,,"6909.28",""
"024864-0000",,,,"2341.22",""
"060997-0000",,,,"0.0",""
"092162-0000",,,,"0.0",""
"971483-8100",,,,"0.0",""
"000565-0000",,,,"261.05",""
"000841-0000",,,,"291.77",""
"000869-0000",,,,"284.72",""
"002359-0170",,,,"881.36",""
"002651-1395",,,,"0.0",""
"002836-0010",,,,"789.77",""
"003099-0000",,,,"696.76",""
"005539-0000",,,,"1993.73",""
"005540-0000",,,,"157.2",""
"005541-0000",,,,"157.2",""
"005677-0000",,,,"1968.72",""
"007555-0010",,,,"0.0",""
"007787-0000",,,,"0.0",""
"010726-0090",,,,"7.23",""
"925990-9000",,,,"0.0",""
"161136-6150",,,,"0.0",""
"162145-9955",,,,"0.0",""
"162927-0000",,,,"5118.24",""
"005126-0000",,,,"0.0",""
"014327-2016",,,,"0.0",""
"015020-0000",,,,"3734.63",""
"015716-1535",,,,"0.0",""
"019701-3030",,,,"3146.47",""
"019701-3510",,,,"3080.8",""
"020249-0070",,,,"0.0",""
"027769-0010",,,,"301.14",""
"029336-0100",,,,"0.0",""
"029974-0030",,,,"1172.48",""
"035113-0000",,,,"0.0",""
"165289-2040",,,,"2208.94",""
"971157-2400",,,,"0.0",""
"002258-0200",,,,"0.0",""
"002486-0120",,,,"0.0",""
"003449-3475",,,,"0.0",""
"003622-0000",,,,"0.0",""
"003673-0000",,,,"1328.6",""
"012375-0000",,,,"601.42",""
"015805-0370",,,,"0.0",""
"019314-0000",,,,"1121.17",""
"020158-5012",,,,"0.0",""
"028728-0000",,,,"0.0",""
"158533-0010",,,,"0.0",""
"005274-0000",,,,"2468.54",""
"011695-0000",,,,"5954.32",""
"012117-0000",,,,"0.0",""
"016519-2076",,,,"0.0",""
"019975-0130",,,,"0.0",""
"022040-0050",,,,"567.26",""
"027181-0000",,,,"334.27",""
"027859-0000",,,,"474.07",""
"044139-0150",,,,"0.0",""
"044139-0348",,,,"0.0",""
"046052-0000",,,,"394.04",""
"046053-0000",,,,"394.04",""
"002190-0000",,,,"813.54",""
"002191-0000",,,,"1793.75",""
"002276-0250",,,,"0.0",""
"016116-0000",,,,"0.0",""
"031580-0000",,,,"0.0",""
"038753-0000",,,,"4472.32",""
"042177-0026",,,,"0.0",""
"045713-0000",,,,"2374.77",""
"045980-0000",,,,"2835.32",""
"053218-0000",,,,"1514.72",""
"073196-0000",,,,"2263.52",""
"062521-0000",,,,"3522.71",""
"134012-0015",,,,"17126.43",""
"168378-0060",,,,"1581.97",""
"168420-0000",,,,"375.23",""
"168429-0000",,,,"793.82",""
"168477-0000",,,,"0.0",""
"073902-0090",,,,"4358.27",""
"077172-0000",,,,"6402.17",""
"096586-0000",,,,"2379.29",""
"111347-0000",,,,"8644.28",""
"122351-0000",,,,"0.0",""
"122544-0010",,,,"0.0",""
"122546-0010",,,,"0.0",""
"122554-0005",,,,"0.0",""
"130645-0010",,,,"0.0",""
"130706-0000",,,,"0.0",""
"131275-0000",,,,"0.0",""
"131323-0000",,,,"0.0",""
"131325-0000",,,,"0.0",""
"147982-0421",,,,"0.0",""
"971353-6500",,,,"0.0",""
"000173-0000",,,,"0.0",""
"003784-2575",,,,"0.0",""
"004884-0000",,,,"5128.18",""
"007525-0000",,,,"1023.66",""
"013184-0190",,,,"0.0",""
"013208-0050",,,,"376.53",""
"013208-0060",,,,"639.55",""
"013208-0070",,,,"372.65",""
"013208-0080",,,,"526.09",""
"013208-0090",,,,"0.0",""
"013308-0010",,,,"659.0",""
"013308-0014",,,,"338.02",""
"014603-1084",,,,"0.0",""
"015192-0338",,,,"0.0",""
"971223-2600",,,,"0.0",""
"009317-0000",,,,"0.0",""
"009364-0000",,,,"0.0",""
"971441-6900",,,,"0.0",""
"001191-0000",,,,"0.0",""
"001744-0020",,,,"973.19",""
"001860-2220",,,,"15824.07",""
"001860-2230",,,,"0.0",""
"001860-2285",,,,"0.0",""
"001860-2295",,,,"0.0",""
"001860-2350",,,,"0.0",""
"001860-2765",,,,"0.0",""
"001860-3235",,,,"0.0",""
"001860-3240",,,,"0.0",""
"001860-3510",,,,"0.0",""
"001860-3790",,,,"0.0",""
"001860-3795",,,,"0.0",""
"001860-3825",,,,"0.0",""
"001860-4035",,,,"0.0",""
"001860-4045",,,,"0.0",""
"001517-0015",,,,"0.0",""
"001778-0010",,,,"15785.49",""
"003261-0000",,,,"3838.11",""
"013211-0130",,,,"955.21",""
"016464-1555",,,,"0.0",""
"016519-1090",,,,"4121.25",""
"020391-0000",,,,"0.0",""
"027654-0000",,,,"0.0",""
"032357-0000",,,,"0.0",""
"034128-0000",,,,"10579.9",""
"046383-0000",,,,"0.0",""
"049111-0000",,,,"2925.08",""
"056530-0000",,,,"0.0",""
"056531-0000",,,,"0.0",""
"056532-0000",,,,"0.0",""
"056546-0000",,,,"0.0",""
"006063-0350",,,,"4661.23",""
"006088-0000",,,,"0.0",""
"000971-1110",,,,"0.0",""
"001472-1065",,,,"0.0",""
"001472-2000",,,,"0.0",""
"001560-0700",,,,"0.0",""
"006968-0000",,,,"2068.12",""
"012510-0394",,,,"0.0",""
"027856-0000",,,,"0.0",""
"038844-0000",,,,"0.0",""
"058926-0000",,,,"0.0",""
"067472-0000",,,,"0.0",""
"070040-0000",,,,"0.0",""
"086968-0000",,,,"475.62",""
"088103-0000",,,,"1261.13",""
"088877-0000",,,,"639.36",""
"099822-0000",,,,"0.0",""
"003255-0005",,,,"1739.27",""
"011273-0000",,,,"0.0",""
"014327-2326",,,,"0.0",""
"014498-0000",,,,"3254.02",""
"016309-8740",,,,"0.0",""
"016518-9185",,,,"0.0",""
"016923-0000",,,,"0.0",""
"018275-0000",,,,"0.0",""
"019622-0130",,,,"7092.11",""
"019701-3705",,,,"0.0",""
"020049-0530",,,,"0.0",""
"054070-0000",,,,"0.0",""
"055494-0000",,,,"656.48",""
"057138-0005",,,,"4429.58",""
"057138-0015",,,,"402.38",""
"058983-0010",,,,"5080.22",""
"012942-0000",,,,"0.0",""
"063414-0050",,,,"2018.61",""
"113014-9105",,,,"0.0",""
"117364-0000",,,,"0.0",""
"118082-0000",,,,"0.0",""
"118085-0000",,,,"0.0",""
"118543-0000",,,,"0.0",""
"124642-0000",,,,"0.0",""
"128312-0010",,,,"2524.94",""
"139753-0000",,,,"0.0",""
"141331-0000",,,,"0.0",""
"142257-0000",,,,"0.0",""
"143869-0020",,,,"0.0",""
"146119-0000",,,,"0.0",""
"146182-0060",,,,"0.0",""
"161136-4010",,,,"0.0",""
"161136-4172",,,,"0.0",""
"161136-4220",,,,"0.0",""
"161136-4342",,,,"0.0",""
"162566-0000",,,,"0.0",""
"169385-1204",,,,"0.0",""
"173539-0000",,,,"2009.69",""
"173701-0200",,,,"0.0",""
"971349-2200",,,,"0.0",""
"971288-3900",,,,"0.0",""
"023607-0000",,,,"1675.68",""
"046245-0000",,,,"0.0",""
"052183-0000",,,,"0.0",""
"073161-0000",,,,"2997.81",""
"106709-1000",,,,"0.0",""
"107153-0000",,,,"0.0",""
"107210-0000",,,,"0.0",""
"107282-0000",,,,"0.0",""
"107349-0000",,,,"0.0",""
"107759-0050",,,,"0.0",""
"107765-0000",,,,"0.0",""
"107994-0000",,,,"0.0",""
"168149-6335",,,,"0.0",""
"168150-0260",,,,"0.0",""
"016518-1058",,,,"0.0",""
"058853-0000",,,,"0.0",""
"087267-0000",,,,"0.0",""
"098989-0000",,,,"0.0",""
"104631-2150",,,,"0.0",""
"106754-0000",,,,"0.0",""
"112897-0850",,,,"0.0",""
"148657-1674",,,,"1840.23",""
"149206-0380",,,,"2825.03",""
"152176-0000",,,,"0.0",""
"154375-5648",,,,"0.0",""
"158767-1560",,,,"0.0",""
"162843-1120",,,,"0.0",""
"165266-6250",,,,"0.0",""
"167735-8835",,,,"0.0",""
"167745-7048",,,,"2461.46",""
